название;цена;остаток;категория;фасовка;фото;описание
Торт «Наполеон»;1890;4;торты;1.2 кг;;Классический слоёный торт с заварным кремом
Торт «Медовик»;1650;5;торты;1 кг;;Медовые коржи со сметанным кремом
Торт «Красный бархат»;2100;3;торты;1.5 кг;;Нежный бисквит с сырным кремом
Чизкейк Нью-Йорк;1450;6;торты;900 г;;Плотный сливочный чизкейк на песочной основе
Торт «Прага»;1780;4;торты;1 кг;;Шоколадный торт по классическому рецепту
Пирожное «Картошка»;95;40;выпечка;1 шт;;Какао-пирожное в форме картофелины
Эклер с ванильным кремом;120;28;выпечка;1 шт;;Заварное пирожное с ванильным кремом
Круассан миндальный;160;18;выпечка;1 шт;;Хрустящий круассан с миндальной начинкой
Синабон с корицей;190;15;выпечка;1 шт;;Мягкая булочка с корицей и глазурью
Маффин шоколадный;110;22;выпечка;1 шт;;Кекс с кусочками шоколада
Печенье овсяное домашнее;280;20;выпечка;300 г;;Хрустящее овсяное печенье
Профитроли со сливками;340;12;выпечка;6 шт;;Мини-профитроли со взбитыми сливками
Шоколад горький 72%;320;25;шоколад;100 г;;Горький шоколад высокой какао-доли
Шоколад молочный с фундуком;290;30;шоколад;100 г;;Молочный шоколад с цельным фундуком
Трюфели какао;540;14;шоколад;200 г;;Трюфели в какао-пудре
Плитка белый шоколад с малиной;310;18;шоколад;90 г;;Белый шоколад с ягодными кусочками
Набор мини-шоколадок;450;10;шоколад;150 г;;Ассорти мини-плиток
Конфеты «Птичье молоко»;380;16;конфеты;200 г;;Нежное суфле в шоколаде
Мармелад фруктовый ассорти;220;35;конфеты;250 г;;Домашний мармелад разных вкусов
Леденцы на палочке;45;60;конфеты;1 шт;;Фруктовый леденец
Карамель сливочная;180;24;конфеты;180 г;;Мягкая сливочная карамель
Ирис с орехом;210;20;конфеты;200 г;;Ирис с кусочками ореха
Жевательные мишки;160;40;конфеты;150 г;;Жевательный мармелад
Зефир ванильный;240;18;конфеты;250 г;;Воздушный ванильный зефир
Набор «Сладкий бокс»;1290;8;наборы;8 шт;;Ассорти десертов в подарочной коробке
Подарочная корзина десертов;2490;3;наборы;;Большая корзина сладостей
Набор макарон 12 шт;890;9;наборы;12 шт;;Разноцветные макароны в коробке
Подарочный торт на заказ;3200;2;наборы;2 кг;;Торт под ваш праздник
Набор конфет ручной работы;760;11;наборы;300 г;;Конфеты ручной работы
Коробка ассорти «Вечер»;1150;7;наборы;400 г;;Вечернее ассорти сладостей
